# MINERvA LE/ME triple-differential QE-like cross section, extrapolated to the
# BNB flux peak.  d^3 sigma / dp_z dp_T dSumT_p on hydrocarbon, LE and ME NuMI
# beams; D. Ruterbories et al., arXiv:2606.00745 (see also PRL 129 021803).
#
# Built by scripts/build_minerva_3dqelike_table.py from the standalone
# analysis in MvA_LE_ME/ (results/weights_ptpzsumtp.csv + weights_meta.json);
# see MvA_LE_ME/README.md for the full derivation.
#
# Binning (5 x 9 x 10 = 450 bins, dense, ordered by
# (ipz, ipt, itp)):
#   p_z(mu)  [GeV/c] : [1.5, 2, 2.5, 3, 3.5, 4.5]
#   p_T(mu)  [GeV/c] : [0, 0.15, 0.25, 0.325, 0.4, 0.475, 0.55, 0.7, 0.85, 1]
#   SumT_p   [GeV]   : [0, 0.02, 0.04, 0.08, 0.12, 0.16, 0.24, 0.32, 0.4, 0.6, 0.799]
#
# w_LE = sigma_data_LE / sigma_AR23_LE  and  w_ME likewise, per bin, both
# bin-integrated cm^2 / CH-nucleon.  sigma_AR23 is GENIE v3_06_00 with the
# AR23_20i_00_000 tune (gevgen, numu on C12 + H1, 8M + 0.5M CC events per
# flux), normalized per CH nucleon as
#     sigma_i = [ <sigma_C> f_C,i + <sigma_H> f_H,i ] / 13.
# Unmeasured / no-MC bins are flagged `excluded` and carry weight 1.
#
# Linear per-bin extrapolation in effective neutrino energy (each beam a
# point at its flux peak) to the BNB peak:
#   E_LE = 3.25 GeV, E_ME = 5.85 GeV, E_BNB = 0.7 GeV
#   w_BNB_raw = 1.980769 * w_LE + -0.980769 * w_ME
#   weight    = clip(w_BNB_raw, 0.0, 10.0)
# The extrapolation reaches far outside the [3.25, 5.85] GeV lever arm: it
# is a linear trend estimate, not a measurement.  82 of 450 bins
# extrapolate below 0.0 (clipped to 0.0, i.e. the event is killed)
# and 4 above 10.0.  w_LE / w_ME / w_BNB_raw are stored UNCLIPPED.
#
# The measurement is on CH; applying the weights to argon assumes the
# data/model discrepancy transfers.  How the calculator maps BNB events into
# this binning (the E_nu-relative p_z scaling) is documented in the top-level
# README under `minerva_3dqelike`.
#
# w_BNB_err: data total uncertainty (covariance diagonal) (+) MC stat,
# propagated linearly through the extrapolation, LE/ME treated uncorrelated.
ipz,ipt,itp,pz_lo,pz_hi,pt_lo,pt_hi,tp_lo,tp_hi,w_LE,w_ME,w_BNB_raw,weight,w_BNB_err,excluded
0,0,0,1.5,2.0,0.0,0.15,0.0,0.02,2.5042892005895014,2.9613367934469172,2.056030984517805,2.056030984517805,1.7948780560825015,False
0,0,1,1.5,2.0,0.0,0.15,0.02,0.04,0.3881841924865439,0.7552928669079765,0.028135300265523466,0.028135300265523466,0.5619169320663288,False
0,0,2,1.5,2.0,0.0,0.15,0.04,0.08,0.3933140235898329,2.430549472160072,-1.6047438202002093,0.0,0.9840689416195889,False
0,0,3,1.5,2.0,0.0,0.15,0.08,0.12,0.15966277724542904,3.23310422826803,-2.8546740304882756,0.0,1.2443417917975774,False
0,0,4,1.5,2.0,0.0,0.15,0.12,0.16,0.05645130553332463,2.0383976855397767,-1.887380721011465,0.0,0.9273441218953822,False
0,0,5,1.5,2.0,0.0,0.15,0.16,0.24,1.0968749702164955,1.5675583673629376,0.6352431768613309,0.6352431768613309,1.3613752694943784,False
0,0,6,1.5,2.0,0.0,0.15,0.24,0.32,0.23872605248611353,0.7123180121053354,-0.22575836944812333,0.0,0.680783538297593,False
0,0,7,1.5,2.0,0.0,0.15,0.32,0.4,0.002459894920714945,0.27597328194780796,-0.26579361927893397,0.0,0.25087575212674157,False
0,0,8,1.5,2.0,0.0,0.15,0.4,0.6,0.18128497419360864,0.6489330800601832,-0.2773698988678395,0.0,0.751999045802266,False
0,0,9,1.5,2.0,0.0,0.15,0.6,0.799,0.5715154949682093,3.0934665109282293,-1.9019364629925795,0.0,2.4658115835540286,False
0,1,0,1.5,2.0,0.15,0.25,0.0,0.02,3.2081763850561074,3.6507390259481793,2.7741245641811907,2.7741245641811907,2.0044331387161165,False
0,1,1,1.5,2.0,0.15,0.25,0.02,0.04,0.8420707161974001,1.5847629838603703,0.11366099214333314,0.11366099214333314,0.648542789262632,False
0,1,2,1.5,2.0,0.15,0.25,0.04,0.08,0.8949465428446708,1.3733037520190374,0.42578851076981117,0.42578851076981117,0.6848742672356799,False
0,1,3,1.5,2.0,0.15,0.25,0.08,0.12,0.747738414662994,1.1470826743932305,0.356073852235262,0.356073852235262,0.8081725536101102,False
0,1,4,1.5,2.0,0.15,0.25,0.12,0.16,0.8425631693750985,1.6371663444435784,0.0632408245963969,0.0632408245963969,1.3152290144753938,False
0,1,5,1.5,2.0,0.15,0.25,0.16,0.24,0.9836621707235359,1.0493022440275819,0.9192844065214909,0.9192844065214909,1.0873711973493339,False
0,1,6,1.5,2.0,0.15,0.25,0.24,0.32,0.5251015238094118,0.35406600083676326,0.6928479021095095,0.6928479021095095,0.6772159902097196,False
0,1,7,1.5,2.0,0.15,0.25,0.32,0.4,0.16834975816087625,0.32209842755008883,0.017557793952225453,0.017557793952225453,0.3696477096201312,False
0,1,8,1.5,2.0,0.15,0.25,0.4,0.6,1.2949923761242756,0.5630547003677313,2.01285432734704,2.01285432734704,1.1821670556069233,False
0,1,9,1.5,2.0,0.15,0.25,0.6,0.799,0.6453262088520029,1.3978190473810626,-0.09269561355149802,0.0,2.618161947831127,False
0,2,0,1.5,2.0,0.25,0.325,0.0,0.02,4.4358235769900105,3.5858521897613236,5.269449360618147,5.269449360618147,2.6193201764628085,False
0,2,1,1.5,2.0,0.25,0.325,0.02,0.04,1.608120634203235,2.803038194398731,0.4361822578576522,0.4361822578576522,1.1906867184128764,False
0,2,2,1.5,2.0,0.25,0.325,0.04,0.08,0.8467445323540798,1.5726247768815755,0.13482352329826663,0.13482352329826663,0.6125827023709467,False
0,2,3,1.5,2.0,0.25,0.325,0.08,0.12,0.7597190866947612,1.2835057347231233,0.2460052588207906,0.2460052588207906,0.5737653296500588,False
0,2,4,1.5,2.0,0.25,0.325,0.12,0.16,0.9048315182033961,1.1994027498511928,0.6159251179334417,0.6159251179334417,0.7834375527584061,False
0,2,5,1.5,2.0,0.25,0.325,0.16,0.24,1.2509355172885999,1.5986889098634158,0.9098696899556074,0.9098696899556074,1.1380268161214229,False
0,2,6,1.5,2.0,0.25,0.325,0.24,0.32,0.9231311019560677,0.8669839319769975,0.9781985186663096,0.9781985186663096,0.8783951556141091,False
0,2,7,1.5,2.0,0.25,0.325,0.32,0.4,0.752359951158173,0.8385565791163365,0.6678209506607434,0.6678209506607434,0.8764814864287249,False
0,2,8,1.5,2.0,0.25,0.325,0.4,0.6,0.3541868161519541,0.5534179117042687,0.1587870878217993,0.1587870878217993,0.8434470975656376,False
0,2,9,1.5,2.0,0.25,0.325,0.6,0.799,0.053486441200494624,0.13531469385207,-0.026768191207781247,0.0,0.5493586648965303,False
0,3,0,1.5,2.0,0.325,0.4,0.0,0.02,4.572930716804565,6.471640462255881,2.710734620304237,2.710734620304237,3.2512160150819707,False
0,3,1,1.5,2.0,0.325,0.4,0.02,0.04,1.7137664716773544,3.751601421853733,-0.2848793448417859,0.0,1.50993445401828,False
0,3,2,1.5,2.0,0.325,0.4,0.04,0.08,1.3536925521994343,2.216647988041348,0.507332413200634,0.507332413200634,0.6560257955929601,False
0,3,3,1.5,2.0,0.325,0.4,0.08,0.12,0.730511635639723,1.319406245625254,0.1529419220000674,0.1529419220000674,0.5695579608510722,False
0,3,4,1.5,2.0,0.325,0.4,0.12,0.16,0.688100679019939,0.8916850097255895,0.48843143159708946,0.48843143159708946,0.6410626932852956,False
0,3,5,1.5,2.0,0.325,0.4,0.16,0.24,0.8590056914102239,0.5450905314619353,1.166884021359507,1.166884021359507,0.83194504228949,False
0,3,6,1.5,2.0,0.325,0.4,0.24,0.32,0.8338081050670632,0.49949965370955896,1.1616875477446154,1.1616875477446154,0.7366029814340284,False
0,3,7,1.5,2.0,0.325,0.4,0.32,0.4,0.7525388057130373,0.6281760480882046,0.8745099718450847,0.8745099718450847,0.9265416451053562,False
0,3,8,1.5,2.0,0.325,0.4,0.4,0.6,0.12398334152361495,0.8445581226734784,-0.5827342322964435,0.0,0.6376056902295708,False
0,3,9,1.5,2.0,0.325,0.4,0.6,0.799,0.03451610197843773,0.7014834095972999,-0.6196249112631388,0.0,0.9863789718959824,False
0,4,0,1.5,2.0,0.4,0.475,0.0,0.02,2.4319524462757527,3.7139447874876725,1.1746138039332923,1.1746138039332923,2.2315363056480164,False
0,4,1,1.5,2.0,0.4,0.475,0.02,0.04,2.8131606615663745,3.467094003211664,2.1718029611065712,2.1718029611065712,2.197506314429463,False
0,4,2,1.5,2.0,0.4,0.475,0.04,0.08,1.6595329411133812,1.56123158551549,1.7559438860266976,1.7559438860266976,1.033019683753945,False
0,4,3,1.5,2.0,0.4,0.475,0.08,0.12,0.593016401662526,1.0304332206276103,0.16401144460061623,0.16401144460061623,0.4955616566418001,False
0,4,4,1.5,2.0,0.4,0.475,0.12,0.16,0.8089819982772569,1.2965876441878708,0.3307533840187704,0.3307533840187704,0.6136044530560953,False
0,4,5,1.5,2.0,0.4,0.475,0.16,0.24,1.368553876944054,1.1132615024408106,1.6189367827068504,1.6189367827068504,0.7992645724653217,False
0,4,6,1.5,2.0,0.4,0.475,0.24,0.32,0.7490738423752693,0.9021850960212062,0.5989070359148311,0.5989070359148311,0.8193317026276234,False
0,4,7,1.5,2.0,0.4,0.475,0.32,0.4,0.543384466041422,0.6193756496424908,0.4688546513557583,0.4688546513557583,0.710305798228227,False
0,4,8,1.5,2.0,0.4,0.475,0.4,0.6,0.35732224321091605,0.46314696065416044,0.25353261648773395,0.25353261648773395,0.8477141871877383,False
0,4,9,1.5,2.0,0.4,0.475,0.6,0.799,0.032444113143330386,0.0455591833128068,0.019581255861728514,0.019581255861728514,0.28923983839619377,False
0,5,0,1.5,2.0,0.475,0.55,0.0,0.02,1.733289811540187,3.635561517165015,-0.13239974589954828,0.0,2.5150157430089584,False
0,5,1,1.5,2.0,0.475,0.55,0.02,0.04,2.747012083334344,2.964857732861849,2.53335577322083,2.53335577322083,2.0740243380673538,False
0,5,2,1.5,2.0,0.475,0.55,0.04,0.08,2.258091149193858,3.947785567170388,0.6008908546399532,0.6008908546399532,1.5187061187684627,False
0,5,3,1.5,2.0,0.475,0.55,0.08,0.12,1.3196263495686864,2.297332548235348,0.36072219318407583,0.36072219318407583,0.8775795893919605,False
0,5,4,1.5,2.0,0.475,0.55,0.12,0.16,1.2542942119110796,1.1812898667413751,1.325894627365982,1.325894627365982,0.7320248994038084,False
0,5,5,1.5,2.0,0.475,0.55,0.16,0.24,0.7625899843522741,0.7947622971355578,0.7310363698917459,0.7310363698917459,0.4921149305816192,False
0,5,6,1.5,2.0,0.475,0.55,0.24,0.32,0.9062839182076949,1.2485629877768278,0.5705871384379686,0.5705871384379686,0.8042812944195008,False
0,5,7,1.5,2.0,0.475,0.55,0.32,0.4,0.7560611157785467,1.1097970273464288,0.40912781789466246,0.40912781789466246,0.9571443227453623,False
0,5,8,1.5,2.0,0.475,0.55,0.4,0.6,1.090687747209585,0.2469623048166748,1.9181877003257086,1.9181877003257086,1.1002858002473965,False
0,5,9,1.5,2.0,0.475,0.55,0.6,0.799,0.7765491108059092,0.005730284786467092,1.532544497863439,1.532544497863439,2.093541108096076,False
0,6,0,1.5,2.0,0.55,0.7,0.0,0.02,2.5713616322903006,1.8089019792914418,3.319158599654566,3.319158599654566,2.986012457915027,False
0,6,1,1.5,2.0,0.55,0.7,0.02,0.04,0.873058626996379,3.028257358487576,-1.2406939750430641,0.0,2.0017849834348,False
0,6,2,1.5,2.0,0.55,0.7,0.04,0.08,1.1918922755644277,1.9678091916650529,0.4308968386195837,0.4308968386195837,1.4935219051604807,False
0,6,3,1.5,2.0,0.55,0.7,0.08,0.12,1.087209235323113,2.1967256461841016,-0.0009703214828564732,0.0,0.9554089714068039,False
0,6,4,1.5,2.0,0.55,0.7,0.12,0.16,0.7711634324280916,1.6698948204821382,-0.11028465970183898,0.0,0.6882505353819541,False
0,6,5,1.5,2.0,0.55,0.7,0.16,0.24,0.8028145568603537,1.0398357189775584,0.5703514940146337,0.5703514940146337,0.4880117030265289,False
0,6,6,1.5,2.0,0.55,0.7,0.24,0.32,1.1330133272544487,1.7798839088159912,0.4985825645690898,0.4985825645690898,0.6561751811833993,False
0,6,7,1.5,2.0,0.55,0.7,0.32,0.4,1.0712394358527542,2.317237510879911,-0.15079713773157266,0.0,1.0370154140337506,False
0,6,8,1.5,2.0,0.55,0.7,0.4,0.6,0.41244084054908287,0.4520111497626923,0.37363149882035057,0.37363149882035057,0.7312474057426612,False
0,6,9,1.5,2.0,0.55,0.7,0.6,0.799,0.7592757495696827,0.01067771348165473,1.4934776695790948,1.4934776695790948,1.3577693289529356,False
0,7,0,1.5,2.0,0.7,0.85,0.0,0.02,1.5150841873249232,1.2036161906128406,1.8205624148694657,1.8205624148694657,4.074009152984802,False
0,7,1,1.5,2.0,0.7,0.85,0.02,0.04,0.15338510913793482,1.0,1.0,1.0,0.0,True
0,7,2,1.5,2.0,0.7,0.85,0.04,0.08,21.261573988362613,0.6088550372856556,41.51712526730348,10.0,60.11463402725965,False
0,7,3,1.5,2.0,0.7,0.85,0.08,0.12,3.0352017427419575,3.124662245523839,2.947461634244343,2.947461634244343,7.863015559834392,False
0,7,4,1.5,2.0,0.7,0.85,0.12,0.16,1.5907509875360286,1.6037344146726769,1.5780172416904699,1.5780172416904699,4.833373588296745,False
0,7,5,1.5,2.0,0.7,0.85,0.16,0.24,2.675856535377048,1.3677125260026493,3.9588439291865543,3.9588439291865543,4.602655500983776,False
0,7,6,1.5,2.0,0.7,0.85,0.24,0.32,2.3907993685778486,1.2614718914802612,3.498409009577406,3.498409009577406,7.648112452097914,False
0,7,7,1.5,2.0,0.7,0.85,0.32,0.4,1.2576265206873443,0.4342058916125954,2.065212137664502,2.065212137664502,6.766669232122285,False
0,7,8,1.5,2.0,0.7,0.85,0.4,0.6,7.294563426133992,0.9602365429092935,13.50707633083514,10.0,13.41332370592159,False
0,7,9,1.5,2.0,0.7,0.85,0.6,0.799,0.17842205629283986,2.0982179638719876,-1.7044546992174783,0.0,4.6910141638867255,False
0,8,0,1.5,2.0,0.85,1.0,0.0,0.02,1.0,1.0,1.0,1.0,0.0,True
0,8,1,1.5,2.0,0.85,1.0,0.02,0.04,1.0,1.0,1.0,1.0,0.0,True
0,8,2,1.5,2.0,0.85,1.0,0.04,0.08,1.0,1.0,1.0,1.0,0.0,True
0,8,3,1.5,2.0,0.85,1.0,0.08,0.12,1.0,1.0,1.0,1.0,0.0,True
0,8,4,1.5,2.0,0.85,1.0,0.12,0.16,1.0,1.0,1.0,1.0,0.0,True
0,8,5,1.5,2.0,0.85,1.0,0.16,0.24,1.0,1.0,1.0,1.0,0.0,True
0,8,6,1.5,2.0,0.85,1.0,0.24,0.32,1.0,1.0,1.0,1.0,0.0,True
0,8,7,1.5,2.0,0.85,1.0,0.32,0.4,1.0,1.0,1.0,1.0,0.0,True
0,8,8,1.5,2.0,0.85,1.0,0.4,0.6,1.0,1.0,1.0,1.0,0.0,True
0,8,9,1.5,2.0,0.85,1.0,0.6,0.799,1.0,1.0,1.0,1.0,0.0,True
1,0,0,2.0,2.5,0.0,0.15,0.0,0.02,1.8277322503943758,1.9574699152266588,1.7004895406550213,1.7004895406550213,1.019454970260813,False
1,0,1,2.0,2.5,0.0,0.15,0.02,0.04,0.2730101924593358,0.8752569837534955,-0.3176549297714747,0.0,0.36352140804933647,False
1,0,2,2.0,2.5,0.0,0.15,0.04,0.08,0.35465688669880857,0.8350623850482939,-0.11651004437472512,0.0,0.4184974975658573,False
1,0,3,2.0,2.5,0.0,0.15,0.08,0.12,0.7041734247910193,2.2453266291600102,-0.8073422179554912,0.0,1.1145148802713478,False
1,0,4,2.0,2.5,0.0,0.15,0.12,0.16,0.5500440809281318,2.490440350379602,-1.3530368756492717,0.0,1.1121350028713597,False
1,0,5,2.0,2.5,0.0,0.15,0.16,0.24,0.2565554660543798,1.1357710024799832,-0.6057520792861159,0.0,0.5446052854848907,False
1,0,6,2.0,2.5,0.0,0.15,0.24,0.32,0.06789783981562207,0.49509113835723123,-0.35108020298480236,0.0,0.2759624926064609,False
1,0,7,2.0,2.5,0.0,0.15,0.32,0.4,0.015063653478683756,0.3353476821163413,-0.2990610669159419,0.0,0.19371361276292268,False
1,0,8,2.0,2.5,0.0,0.15,0.4,0.6,0.003329081936158868,0.5118475562159225,-0.4954101909151478,0.0,0.28417271849031195,False
1,0,9,2.0,2.5,0.0,0.15,0.6,0.799,8.988896924776658e-05,0.5813823590656938,-0.5700238797791898,0.0,0.4932418230324527,False
1,1,0,2.0,2.5,0.15,0.25,0.0,0.02,3.5099374498212352,4.00398959144349,3.025386310922485,3.025386310922485,1.4392160565956784,False
1,1,1,2.0,2.5,0.15,0.25,0.02,0.04,0.8153191057461385,1.3568337531425525,0.28421820156888633,0.28421820156888633,0.45407749696027205,False
1,1,2,2.0,2.5,0.15,0.25,0.04,0.08,0.7196726316041845,1.1355034330915865,0.3118385762992324,0.3118385762992324,0.36129302127557433,False
1,1,3,2.0,2.5,0.15,0.25,0.08,0.12,0.690505103819367,1.1791498241230773,0.21125739736765126,0.21125739736765126,0.5311312163177799,False
1,1,4,2.0,2.5,0.15,0.25,0.12,0.16,1.1168590681633348,2.21117873307031,0.0435840121968778,0.0435840121968778,0.9768976094564159,False
1,1,5,2.0,2.5,0.15,0.25,0.16,0.24,1.0704686698652393,1.387473883160178,0.7595597106721261,0.7595597106721261,0.6819851731833736,False
1,1,6,2.0,2.5,0.15,0.25,0.24,0.32,0.6299832180706367,0.6323344489916921,0.6276772031288324,0.6276772031288324,0.46506288729691175,False
1,1,7,2.0,2.5,0.15,0.25,0.32,0.4,0.26305430925818396,0.5072452732020738,0.023559325390138164,0.023559325390138164,0.36414465634301435,False
1,1,8,2.0,2.5,0.15,0.25,0.4,0.6,0.636267903939646,0.5811843258376442,0.6902921824627631,0.6902921824627631,0.8046059841920761,False
1,1,9,2.0,2.5,0.15,0.25,0.6,0.799,1.6705385077008568,0.5395316802348816,2.7797952038694094,2.7797952038694094,2.3272745551601752,False
1,2,0,2.0,2.5,0.25,0.325,0.0,0.02,3.707823349502743,5.286312424321878,2.1596898338147454,2.1596898338147454,1.9617385014880244,False
1,2,1,2.0,2.5,0.25,0.325,0.02,0.04,1.258892109124721,2.0310948302553906,0.5015394403234874,0.5015394403234874,0.6978633655706932,False
1,2,2,2.0,2.5,0.25,0.325,0.04,0.08,0.7853581887132782,1.2234797880963304,0.35566200470297704,0.35566200470297704,0.36268467551345224,False
1,2,3,2.0,2.5,0.25,0.325,0.08,0.12,0.6763754326317776,0.8519878912711536,0.5041401366585434,0.5041401366585434,0.4104224969042758,False
1,2,4,2.0,2.5,0.25,0.325,0.12,0.16,0.8832256329317589,1.0963839582155723,0.6741665062110958,0.6741665062110958,0.6220386717485987,False
1,2,5,2.0,2.5,0.25,0.325,0.16,0.24,1.127826520339249,1.9192535763991854,0.35161921535738827,0.35161921535738827,0.8348912231411476,False
1,2,6,2.0,2.5,0.25,0.325,0.24,0.32,0.5570406585024328,0.9761256155156987,0.14601502758557594,0.14601502758557594,0.4765643968784489,False
1,2,7,2.0,2.5,0.25,0.325,0.32,0.4,0.287857766483049,0.9206890311063429,-0.3328036661282585,0.0,0.4135660695858883,False
1,2,8,2.0,2.5,0.25,0.325,0.4,0.6,0.14583675217773076,0.6303037725746603,-0.3293135947500271,0.0,0.3721371891974267,False
1,2,9,2.0,2.5,0.25,0.325,0.6,0.799,0.3612656446134477,0.19053730044143002,0.528710751397542,0.528710751397542,0.9795070521146015,False
1,3,0,2.0,2.5,0.325,0.4,0.0,0.02,5.037390709852506,5.040666427427401,5.034177986846359,5.034177986846359,2.361464956696381,False
1,3,1,2.0,2.5,0.325,0.4,0.02,0.04,2.0866303209935557,3.1637765025511557,1.0301984890812945,1.0301984890812945,1.0512133675907023,False
1,3,2,2.0,2.5,0.325,0.4,0.04,0.08,1.129796381556277,1.5867643738443529,0.6816162352737409,0.6816162352737409,0.452136686697205,False
1,3,3,2.0,2.5,0.325,0.4,0.08,0.12,0.8101857279914204,1.1326173813224425,0.4939546833783026,0.4939546833783026,0.38213443724547125,False
1,3,4,2.0,2.5,0.325,0.4,0.12,0.16,0.9654256640553132,1.2061456922957257,0.7293348671272162,0.7293348671272162,0.48202249034569744,False
1,3,5,2.0,2.5,0.325,0.4,0.16,0.24,0.9611067056924516,1.359307674088123,0.5705634482274662,0.5705634482274662,0.6577719485113808,False
1,3,6,2.0,2.5,0.325,0.4,0.24,0.32,0.9518092913755742,0.8044835818523404,1.0963018141772074,1.0963018141772074,0.5583896946946784,False
1,3,7,2.0,2.5,0.325,0.4,0.32,0.4,0.5401251880477629,0.5964412830628836,0.48489209485985596,0.48489209485985596,0.5033864881023835,False
1,3,8,2.0,2.5,0.325,0.4,0.4,0.6,0.2150216498805696,0.49220937030651457,-0.05683553746026104,0.0,0.4218400803732277,False
1,3,9,2.0,2.5,0.325,0.4,0.6,0.799,0.011871357223408877,0.6925390921544706,-0.6557066135743632,0.0,0.4448725356088978,False
1,4,0,2.0,2.5,0.4,0.475,0.0,0.02,2.907413849063469,4.8374316342910895,1.0145117904748409,1.0145117904748409,1.9439401481274434,False
1,4,1,2.0,2.5,0.4,0.475,0.02,0.04,2.1305157334873464,3.209532680380607,1.072249112495879,1.072249112495879,1.3087593241143705,False
1,4,2,2.0,2.5,0.4,0.475,0.04,0.08,1.3798390716473479,2.0894206086492706,0.6839033334339235,0.6839033334339235,0.5637508271086555,False
1,4,3,2.0,2.5,0.4,0.475,0.08,0.12,1.034318776201318,1.3284939013816481,0.7458008649667633,0.7458008649667633,0.3886058108797045,False
1,4,4,2.0,2.5,0.4,0.475,0.12,0.16,1.048014357853847,1.3603389230542888,0.7416960342918755,0.7416960342918755,0.4297264228422491,False
1,4,5,2.0,2.5,0.4,0.475,0.16,0.24,0.9962883749001341,1.2746826443692696,0.723247841382328,0.723247841382328,0.48794989476853434,False
1,4,6,2.0,2.5,0.4,0.475,0.24,0.32,1.1267623686806485,1.28135810833382,0.9751396240208074,0.9751396240208074,0.6606557690071799,False
1,4,7,2.0,2.5,0.4,0.475,0.32,0.4,0.6246871730833125,1.1525945245967826,0.10693188602202452,0.10693188602202452,0.6215099175877197,False
1,4,8,2.0,2.5,0.4,0.475,0.4,0.6,0.29513800553833947,0.8438225252329197,-0.24299488877749886,0.0,0.481018440812396,False
1,4,9,2.0,2.5,0.4,0.475,0.6,0.799,0.015947415070959294,0.3633307027388994,-0.32475542475721275,0.0,0.3542259511591222,False
1,5,0,2.0,2.5,0.475,0.55,0.0,0.02,3.5416951267913714,3.783907025855033,3.304141148863549,3.304141148863549,2.3577193637359595,False
1,5,1,2.0,2.5,0.475,0.55,0.02,0.04,2.0770402442867764,2.1360837526749172,2.019132187983023,2.019132187983023,1.1714382039036808,False
1,5,2,2.0,2.5,0.475,0.55,0.04,0.08,2.019211157860479,2.6666593363725872,1.3842139058582186,1.3842139058582186,0.9130171113253227,False
1,5,3,2.0,2.5,0.475,0.55,0.08,0.12,1.2692016815494025,1.6383921403305277,0.9071110392832988,0.9071110392832988,0.535771233318395,False
1,5,4,2.0,2.5,0.475,0.55,0.12,0.16,0.8342183236040251,1.4662434767830919,0.21434750029378646,0.21434750029378646,0.381519889415546,False
1,5,5,2.0,2.5,0.475,0.55,0.16,0.24,0.8660193512922633,1.2025925797971386,0.5359186848740201,0.5359186848740201,0.4117156626300872,False
1,5,6,2.0,2.5,0.475,0.55,0.24,0.32,0.8896339467068848,1.3184367121663754,0.4690773882754613,0.4690773882754613,0.5096611445511908,False
1,5,7,2.0,2.5,0.475,0.55,0.32,0.4,1.0142558042178518,0.9443515909407331,1.0828157057011798,1.0828157057011798,0.6352031515821188,False
1,5,8,2.0,2.5,0.475,0.55,0.4,0.6,0.9170628764359626,0.8519858298426651,0.9808884413640044,0.9808884413640044,0.7293674049617671,False
1,5,9,2.0,2.5,0.475,0.55,0.6,0.799,0.28409677386099214,0.042751053023602936,0.5208012308361238,0.5208012308361238,0.7153954553256708,False
1,6,0,2.0,2.5,0.55,0.7,0.0,0.02,2.4475113300909617,1.9183737584574694,2.9664731791930405,2.9664731791930405,1.9220349851972345,False
1,6,1,2.0,2.5,0.55,0.7,0.02,0.04,1.2717879727119203,1.4885455372304706,1.05919882289565,1.05919882289565,0.8689998194425786,False
1,6,2,2.0,2.5,0.55,0.7,0.04,0.08,1.5206217568883074,2.3161785603395724,0.740364122734182,0.740364122734182,0.7894199057905428,False
1,6,3,2.0,2.5,0.55,0.7,0.08,0.12,1.3445575097182496,2.1470641194067763,0.5574837194468101,0.5574837194468101,0.6301759920788357,False
1,6,4,2.0,2.5,0.55,0.7,0.12,0.16,1.1647527950879997,1.811422810463023,0.5305187415471111,0.5305187415471111,0.5012733497604138,False
1,6,5,2.0,2.5,0.55,0.7,0.16,0.24,1.0280173013941287,1.1610020334418238,0.8975899680396584,0.8975899680396584,0.3459489208390363,False
1,6,6,2.0,2.5,0.55,0.7,0.24,0.32,0.7274119930177302,1.2243636617102927,0.2400170871846401,0.2400170871846401,0.32129816993203403,False
1,6,7,2.0,2.5,0.55,0.7,0.32,0.4,0.838222351273973,1.3534702347741787,0.3328830809180021,0.3328830809180021,0.4132604621059988,False
1,6,8,2.0,2.5,0.55,0.7,0.4,0.6,0.6205621036344858,0.5791223092941749,0.6612049788528679,0.6612049788528679,0.5143244810326382,False
1,6,9,2.0,2.5,0.55,0.7,0.6,0.799,0.30257598504631333,0.021552698972126184,0.5781949771575353,0.5781949771575353,0.6676290421769545,False
1,7,0,2.0,2.5,0.7,0.85,0.0,0.02,1.912942407223216,1.0414993385378049,2.7676269553569846,2.7676269553569846,2.3485574454422515,False
1,7,1,2.0,2.5,0.7,0.85,0.02,0.04,0.8685372715963249,0.8226693930143605,0.9135230755901746,0.9135230755901746,1.042897507166057,False
1,7,2,2.0,2.5,0.7,0.85,0.04,0.08,2.166280346138397,1.0618259698231007,3.2494952152168612,3.2494952152168612,1.9189519849753804,False
1,7,3,2.0,2.5,0.7,0.85,0.08,0.12,1.255660498122065,1.5449284878662504,0.9719553543344985,0.9719553543344985,1.1912493281379073,False
1,7,4,2.0,2.5,0.7,0.85,0.12,0.16,1.0828053498742665,2.401650678678054,-0.21067756876021715,0.0,1.1550945079432948,False
1,7,5,2.0,2.5,0.7,0.85,0.16,0.24,0.9499777976343655,2.05316617692135,-0.13199542051248492,0.0,0.6733232688811549,False
1,7,6,2.0,2.5,0.7,0.85,0.24,0.32,0.9293376489543873,1.7287905200561626,0.14525887152764616,0.14525887152764616,0.5422213998685851,False
1,7,7,2.0,2.5,0.7,0.85,0.32,0.4,0.9574961400705858,1.0741713128815769,0.843064720582883,0.843064720582883,0.5059944790859257,False
1,7,8,2.0,2.5,0.7,0.85,0.4,0.6,1.018526767955322,0.632735855881612,1.3968986240276147,1.3968986240276147,0.7587797996497851,False
1,7,9,2.0,2.5,0.7,0.85,0.6,0.799,0.23330759059187997,0.08124922453948479,0.3824417572971137,0.3824417572971137,0.6824367754632502,False
1,8,0,2.0,2.5,0.85,1.0,0.0,0.02,0.8040866982108968,0.336519582687041,1.2626621384362169,1.2626621384362169,3.078353715121452,False
1,8,1,2.0,2.5,0.85,1.0,0.02,0.04,0.5877766105733744,4.756331320962955,-3.5006135861548686,0.0,11.726749033112524,False
1,8,2,2.0,2.5,0.85,1.0,0.04,0.08,1.1171390006109516,1.0382877116112113,1.1944739186683893,1.1944739186683893,4.462400755988749,False
1,8,3,2.0,2.5,0.85,1.0,0.08,0.12,1.1587655497970275,2.13535897057961,0.20095277172180204,0.20095277172180204,4.707659707994175,False
1,8,4,2.0,2.5,0.85,1.0,0.12,0.16,9.040926737273473,2.7245567572678158,15.235828063817486,10.0,23.268682804812737,False
1,8,5,2.0,2.5,0.85,1.0,0.16,0.24,6.4778337669212025,1.8250553714351796,11.041135654801726,10.0,22.408131171088385,False
1,8,6,2.0,2.5,0.85,1.0,0.24,0.32,2.8115944326904008,0.4027484634098982,5.174116441023202,5.174116441023202,4.195241127618143,False
1,8,7,2.0,2.5,0.85,1.0,0.32,0.4,2.610765034288245,0.9731868015591123,4.2168513779264325,4.2168513779264325,4.0705345916830735,False
1,8,8,2.0,2.5,0.85,1.0,0.4,0.6,1.507354502077529,0.9428101494196218,2.061042232568938,2.061042232568938,2.716614480881726,False
1,8,9,2.0,2.5,0.85,1.0,0.6,0.799,0.5524258228217503,0.056887230946439986,1.0384348263917662,1.0384348263917662,1.3112993211408845,False
2,0,0,2.5,3.0,0.0,0.15,0.0,0.02,2.0924752408402987,2.84872609579494,1.3507676715578616,1.3507676715578616,1.1295873712657014,False
2,0,1,2.5,3.0,0.0,0.15,0.02,0.04,0.5850161747282677,0.7794970047950938,0.39427536062426527,0.39427536062426527,0.4330003086620439,False
2,0,2,2.5,3.0,0.0,0.15,0.04,0.08,0.3541628520003735,0.4134806118868108,0.2959858182655985,0.2959858182655985,0.31739378217392517,False
2,0,3,2.5,3.0,0.0,0.15,0.08,0.12,0.9406603479365001,2.0573584649526486,-0.15456280529087651,0.0,1.0267055056527314,False
2,0,4,2.5,3.0,0.0,0.15,0.12,0.16,1.1325645213857478,2.1275738773964674,0.15668996068292662,0.15668996068292662,1.1736302678418153,False
2,0,5,2.5,3.0,0.0,0.15,0.16,0.24,0.5501489588803857,0.9087375797235083,0.1984562730534769,0.1984562730534769,0.5516649823390201,False
2,0,6,2.5,3.0,0.0,0.15,0.24,0.32,0.2982901003726927,0.43534155208816844,0.16387425349789925,0.16387425349789925,0.4265626858528573,False
2,0,7,2.5,3.0,0.0,0.15,0.32,0.4,0.03351578838918099,0.16290494563168761,-0.09338511582943128,0.0,0.14056168405615024,False
2,0,8,2.5,3.0,0.0,0.15,0.4,0.6,0.11348627848636919,0.1896201775683478,0.03881649284827479,0.03881649284827479,0.42784173341881093,False
2,0,9,2.5,3.0,0.0,0.15,0.6,0.799,0.008706901733120484,1.2900138495650806,-1.247959527871302,0.0,0.5986713690806509,False
2,1,0,2.5,3.0,0.15,0.25,0.0,0.02,2.9991460983683607,3.442890767444852,2.563934980620264,2.563934980620264,1.1522744520247759,False
2,1,1,2.5,3.0,0.15,0.25,0.02,0.04,1.4006673937195626,1.2002793676514507,1.5972018039017493,1.5972018039017493,0.5640951523590364,False
2,1,2,2.5,3.0,0.15,0.25,0.04,0.08,0.8137997504661494,0.9784835621149893,0.6522829351951717,0.6522829351951717,0.3515558796163853,False
2,1,3,2.5,3.0,0.15,0.25,0.08,0.12,0.679179169779055,0.7438407838229064,0.61576104831297,0.61576104831297,0.3686580400165634,False
2,1,4,2.5,3.0,0.15,0.25,0.12,0.16,1.4875416483466897,1.4806629283340276,1.494288085282185,1.494288085282185,0.929274054268094,False
2,1,5,2.5,3.0,0.15,0.25,0.16,0.24,1.0892026263488812,1.1840886782251263,0.996141306239487,0.996141306239487,0.6064731331798806,False
2,1,6,2.5,3.0,0.15,0.25,0.24,0.32,0.4692456682712902,0.4708627942895803,0.4676596408302749,0.4676596408302749,0.3700430217574432,False
2,1,7,2.5,3.0,0.15,0.25,0.32,0.4,0.2986526466406162,0.5332701893247175,0.0685469797773629,0.0685469797773629,0.3194980088450916,False
2,1,8,2.5,3.0,0.15,0.25,0.4,0.6,0.7692828910827438,0.5635857088604062,0.9710243582623442,0.9710243582623442,0.7405795197059613,False
2,1,9,2.5,3.0,0.15,0.25,0.6,0.799,1.1056052179256801,0.6800397164962487,1.5229867674045456,1.5229867674045456,2.2229669275947725,False
2,2,0,2.5,3.0,0.25,0.325,0.0,0.02,3.6970365518977637,5.041580875205775,2.3783488501918297,2.3783488501918297,1.6865992531339773,False
2,2,1,2.5,3.0,0.25,0.325,0.02,0.04,1.6345409102865054,1.8689737564331679,1.404616388104202,1.404616388104202,0.6705393998257319,False
2,2,2,2.5,3.0,0.25,0.325,0.04,0.08,0.7012443107557249,1.1150122224460932,0.2954334742901714,0.2954334742901714,0.273371131528331,False
2,2,3,2.5,3.0,0.25,0.325,0.08,0.12,0.6621425778314782,0.9127981177755099,0.41630733673252407,0.41630733673252407,0.3142044085562231,False
2,2,4,2.5,3.0,0.25,0.325,0.12,0.16,0.7584912383979625,1.0156070123083552,0.5063199986012313,0.5063199986012313,0.4321039813832389,False
2,2,5,2.5,3.0,0.25,0.325,0.16,0.24,1.2084096376772315,1.4102716624219038,1.0104295749468797,1.0104295749468797,0.6564660061672043,False
2,2,6,2.5,3.0,0.25,0.325,0.24,0.32,0.6954869127771679,0.9071932164788872,0.4878518841466355,0.4878518841466355,0.4336631060706771,False
2,2,7,2.5,3.0,0.25,0.325,0.32,0.4,0.4250527077175191,0.7681810039239115,0.08852303259201877,0.08852303259201877,0.42969862991237967,False
2,2,8,2.5,3.0,0.25,0.325,0.4,0.6,0.08531803146890504,0.37217058006428794,-0.19601812196118207,0.0,0.22879083007857418,False
2,2,9,2.5,3.0,0.25,0.325,0.6,0.799,0.333999551407902,0.01593823888880621,0.6459443002247075,0.6459443002247075,0.779645541763769,False
2,3,0,2.5,3.0,0.325,0.4,0.0,0.02,4.353965918398174,5.012193309826799,3.7083967460354845,3.7083967460354845,1.9514965911284756,False
2,3,1,2.5,3.0,0.325,0.4,0.02,0.04,1.948536618177248,3.118719532798611,0.8008572211447573,0.8008572211447573,0.8552064894791536,False
2,3,2,2.5,3.0,0.325,0.4,0.04,0.08,1.1751075397825599,1.4872711269475982,0.8689470985245416,0.8689470985245416,0.44910092778820043,False
2,3,3,2.5,3.0,0.325,0.4,0.08,0.12,0.8012096403465375,1.000649745935985,0.6056049214030408,0.6056049214030408,0.34568168946469546,False
2,3,4,2.5,3.0,0.325,0.4,0.12,0.16,0.8610442977338002,1.0593112914014926,0.6665901308674094,0.6665901308674094,0.38401226370294067,False
2,3,5,2.5,3.0,0.325,0.4,0.16,0.24,1.01767005738013,1.27466812323005,0.7656142620273241,0.7656142620273241,0.532454943217589,False
2,3,6,2.5,3.0,0.325,0.4,0.24,0.32,1.1498077671285263,1.0053389627748939,1.2914983252445889,1.2914983252445889,0.600632894967474,False
2,3,7,2.5,3.0,0.325,0.4,0.32,0.4,0.6577785203273573,0.8853759958231241,0.43455791936035526,0.43455791936035526,0.5256951250992103,False
2,3,8,2.5,3.0,0.325,0.4,0.4,0.6,0.07829992434622368,0.7637204775791109,-0.5939394644014158,0.0,0.2599241923479274,False
2,3,9,2.5,3.0,0.325,0.4,0.6,0.799,0.0019013436671506802,0.6828026175784864,-0.6659056749766593,0.0,0.40007035946864744,False
2,4,0,2.5,3.0,0.4,0.475,0.0,0.02,3.013892918253631,3.010898566255565,3.016829686559426,3.016829686559426,1.4851959663314886,False
2,4,1,2.5,3.0,0.4,0.475,0.02,0.04,2.1555090822517293,3.0075292092170534,1.3198739577280456,1.3198739577280456,1.1320214856869761,False
2,4,2,2.5,3.0,0.4,0.475,0.04,0.08,1.4877996482202436,2.147878116165477,0.8404149969662646,0.8404149969662646,0.6046023390039184,False
2,4,3,2.5,3.0,0.4,0.475,0.08,0.12,0.9014276444822472,1.3366987525209293,0.4745271346750781,0.4745271346750781,0.33242823126839904,False
2,4,4,2.5,3.0,0.4,0.475,0.12,0.16,0.9206092871115159,1.1971301859845942,0.6494060978321505,0.6494060978321505,0.3393889540191068,False
2,4,5,2.5,3.0,0.4,0.475,0.16,0.24,1.0215144469359596,1.1606968758892082,0.8850086031548889,0.8850086031548889,0.4317111920582613,False
2,4,6,2.5,3.0,0.4,0.475,0.24,0.32,1.174265286715953,1.3867194832907157,0.9658967477676283,0.9658967477676283,0.5343660118427825,False
2,4,7,2.5,3.0,0.4,0.475,0.32,0.4,0.7621205207726853,1.1754551260724353,0.3567346578825459,0.3567346578825459,0.5255024404961588,False
2,4,8,2.5,3.0,0.4,0.475,0.4,0.6,0.31582703268565976,0.8377546758938755,-0.1960635404608596,0.0,0.40843069559742445,False
2,4,9,2.5,3.0,0.4,0.475,0.6,0.799,0.05152246270757276,0.4111549343448608,-0.3011939998597674,0.0,0.3626486544024055,False
2,5,0,2.5,3.0,0.475,0.55,0.0,0.02,2.8930946172116925,3.6297034800576182,2.1706513094204962,2.1706513094204962,1.6538544799917325,False
2,5,1,2.5,3.0,0.475,0.55,0.02,0.04,2.46404239544514,2.5187063608119753,2.4104296601815127,2.4104296601815127,1.3784226392187449,False
2,5,2,2.5,3.0,0.475,0.55,0.04,0.08,2.8158581312990423,2.8031645977574517,2.8283075584263715,2.8283075584263715,1.0319868849093286,False
2,5,3,2.5,3.0,0.475,0.55,0.08,0.12,1.4961761376836975,1.4556447105120107,1.5359281143328518,1.5359281143328518,0.4819745816744223,False
2,5,4,2.5,3.0,0.475,0.55,0.12,0.16,0.8394909205979965,0.9888849722926879,0.6929698314358952,0.6929698314358952,0.3038928175110559,False
2,5,5,2.5,3.0,0.475,0.55,0.16,0.24,0.7540648849748269,1.0034302512977125,0.5094950064658431,0.5094950064658431,0.29040549552037737,False
2,5,6,2.5,3.0,0.475,0.55,0.24,0.32,1.2631031124395122,1.2142893736704066,1.310978125463058,1.310978125463058,0.5190905213234905,False
2,5,7,2.5,3.0,0.475,0.55,0.32,0.4,1.1524138269191284,1.0499134398285492,1.252943052719504,1.252943052719504,0.6114979243982115,False
2,5,8,2.5,3.0,0.475,0.55,0.4,0.6,0.8606407226409638,0.7360151875165601,0.982869612859129,0.982869612859129,0.568338148679729,False
2,5,9,2.5,3.0,0.475,0.55,0.6,0.799,0.47451534091864145,0.0525276168884759,0.8883879164097654,0.8883879164097654,0.7893550299100728,False
2,6,0,2.5,3.0,0.55,0.7,0.0,0.02,2.0360128387978786,1.2046320609354886,2.8514055247782997,2.8514055247782997,1.1093410416655447,False
2,6,1,2.5,3.0,0.55,0.7,0.02,0.04,1.0594362887056303,1.5679036911817004,0.5607471055079465,0.5607471055079465,0.6580870852604551,False
2,6,2,2.5,3.0,0.55,0.7,0.04,0.08,1.262266709636821,1.9735735641658392,0.5646388330795147,0.5646388330795147,0.6038629533271737,False
2,6,3,2.5,3.0,0.55,0.7,0.08,0.12,1.4513294924290527,2.1779616408235354,0.7386710391960025,0.7386710391960025,0.5633143340452699,False
2,6,4,2.5,3.0,0.55,0.7,0.12,0.16,1.2932952895462593,1.6808712220591624,0.913172740350912,0.913172740350912,0.44391564321678684,False
2,6,5,2.5,3.0,0.55,0.7,0.16,0.24,1.0668554814675244,1.1357709506238352,0.9992653097949891,0.9992653097949891,0.32018907348492215,False
2,6,6,2.5,3.0,0.55,0.7,0.24,0.32,1.0645563052117988,1.1522780342884968,0.9785215324634986,0.9785215324634986,0.3428584537793432,False
2,6,7,2.5,3.0,0.55,0.7,0.32,0.4,1.0175520513928529,1.2697921213955552,0.7701627519671255,0.7701627519671255,0.40854425675485784,False
2,6,8,2.5,3.0,0.55,0.7,0.4,0.6,0.47704448881514844,0.783662759572584,0.17632272326458664,0.17632272326458664,0.3991211503528047,False
2,6,9,2.5,3.0,0.55,0.7,0.6,0.799,0.19372727078800092,0.0570699765588022,0.3277565401281766,0.3277565401281766,0.3678058306980298,False
2,7,0,2.5,3.0,0.7,0.85,0.0,0.02,0.47232176909177725,1.1823732653857566,-0.2240748907350102,0.0,0.6755266355677447,False
2,7,1,2.5,3.0,0.7,0.85,0.02,0.04,0.46616899994869715,0.985166727024079,-0.04284800160600433,0.0,0.5082700655535187,False
2,7,2,2.5,3.0,0.7,0.85,0.04,0.08,0.971055618930259,1.1834788219879935,0.7627174774697889,0.7627174774697889,0.6142001742478344,False
2,7,3,2.5,3.0,0.7,0.85,0.08,0.12,1.3570735559241056,1.28429275799981,1.4284547231190878,1.4284547231190878,0.833950658421244,False
2,7,4,2.5,3.0,0.7,0.85,0.12,0.16,2.0838578043088143,2.16989439866488,1.9994757598442114,1.9994757598442114,1.1300385225815086,False
2,7,5,2.5,3.0,0.7,0.85,0.16,0.24,1.467177133137553,2.0641569994293736,0.8816776488898057,0.8816776488898057,0.612903510769185,False
2,7,6,2.5,3.0,0.7,0.85,0.24,0.32,1.10943153237822,1.3625806960187166,0.8611506218846559,0.8611506218846559,0.3695947806364762,False
2,7,7,2.5,3.0,0.7,0.85,0.32,0.4,0.9177839924489717,1.124779061251505,0.714769598046487,0.714769598046487,0.34864156211482183,False
2,7,8,2.5,3.0,0.7,0.85,0.4,0.6,0.7578338903286858,0.6191692491065389,0.893831903835022,0.893831903835022,0.4563065287283807,False
2,7,9,2.5,3.0,0.7,0.85,0.6,0.799,0.24986758587279245,0.051692124065428,0.44423198110693835,0.44423198110693835,0.4261859323242856,False
2,8,0,2.5,3.0,0.85,1.0,0.0,0.02,0.24639882636837965,1.108735839652104,-0.5993547828137349,0.0,0.8588488880989508,False
2,8,1,2.5,3.0,0.85,1.0,0.02,0.04,0.20515344925048298,0.4850028653663553,-0.06931424732469949,0.0,0.40699415101585285,False
2,8,2,2.5,3.0,0.85,1.0,0.04,0.08,0.34098641569132115,1.2466234843996857,-0.5472345555418826,0.0,0.7112330306240918,False
2,8,3,2.5,3.0,0.85,1.0,0.08,0.12,0.9231128332945971,1.187077358991414,0.6642245484765652,0.6642245484765652,1.24338093140278,False
2,8,4,2.5,3.0,0.85,1.0,0.12,0.16,0.5668420402011676,2.5813773356920877,-1.4089521919149273,0.0,1.3108873483383776,False
2,8,5,2.5,3.0,0.85,1.0,0.16,0.24,0.792708530726638,1.7317820098064627,-0.1283058429862669,0.0,0.9009690232767101,False
2,8,6,2.5,3.0,0.85,1.0,0.24,0.32,0.8964242902050175,2.4995796328707716,-0.6759011420248568,0.0,0.8866859284498461,False
2,8,7,2.5,3.0,0.85,1.0,0.32,0.4,1.1075009638339541,2.05836717268088,0.1749206436187003,0.1749206436187003,0.69454546788263,False
2,8,8,2.5,3.0,0.85,1.0,0.4,0.6,0.9945163344539121,1.1202722041707562,0.8711788468470072,0.8711788468470072,0.6048661069834422,False
2,8,9,2.5,3.0,0.85,1.0,0.6,0.799,0.9559373231065598,0.350133590758291,1.5500909836789003,1.5500909836789003,0.8476784671279407,False
3,0,0,3.0,3.5,0.0,0.15,0.0,0.02,2.7467279939051714,3.2534822267518178,2.249719034767114,2.249719034767114,1.1712376074664164,False
3,0,1,3.0,3.5,0.0,0.15,0.02,0.04,0.8481659018055228,0.9965238336641485,0.7026610070980244,0.7026610070980244,0.5794418853219597,False
3,0,2,3.0,3.5,0.0,0.15,0.04,0.08,0.1788165103120542,0.5955760985030722,-0.22992847041375197,0.0,0.2086253902014878,False
3,0,3,3.0,3.5,0.0,0.15,0.08,0.12,0.7629315104171759,1.4639178519443814,0.0754256754578011,0.0754256754578011,0.7696352157686004,False
3,0,4,3.0,3.5,0.0,0.15,0.12,0.16,1.0007884315394104,1.6124998406646092,0.40084070335892696,0.40084070335892696,1.0398367937716158,False
3,0,5,3.0,3.5,0.0,0.15,0.16,0.24,0.726315225404039,0.758240775322594,0.6950036283685331,0.6950036283685331,0.641704002280228,False
3,0,6,3.0,3.5,0.0,0.15,0.24,0.32,0.2573342510969996,0.2071458380372098,0.30655750236717805,0.30655750236717805,0.31996184039068937,False
3,0,7,3.0,3.5,0.0,0.15,0.32,0.4,0.054463189286047334,0.20411791947874322,-0.09231356532601981,0.0,0.20180826474386032,False
3,0,8,3.0,3.5,0.0,0.15,0.4,0.6,0.1624914265054331,0.5849213387009228,-0.25181483353245104,0.0,0.6023850562780789,False
3,0,9,3.0,3.5,0.0,0.15,0.6,0.799,0.1312045733044756,0.9678247835842122,-0.6893267867775739,0.0,1.1364384186506282,False
3,1,0,3.0,3.5,0.15,0.25,0.0,0.02,2.6633113772645154,3.821834404849415,1.527067638671633,1.527067638671633,1.018689140538432,False
3,1,1,3.0,3.5,0.15,0.25,0.02,0.04,1.3391732237332892,1.0895259882781305,1.58401955081431,1.58401955081431,0.46519510838861305,False
3,1,2,3.0,3.5,0.15,0.25,0.04,0.08,0.6874735986674381,0.9269179341657493,0.45263396192870986,0.45263396192870986,0.2907322014075119,False
3,1,3,3.0,3.5,0.15,0.25,0.08,0.12,0.6645704376073668,1.0423422975059706,0.2940634211683515,0.2940634211683515,0.37104479276096847,False
3,1,4,3.0,3.5,0.15,0.25,0.12,0.16,1.194673023018338,1.6446761076017307,0.753323843907703,0.753323843907703,0.7126354220510412,False
3,1,5,3.0,3.5,0.15,0.25,0.16,0.24,0.9162477372605674,1.3479490713748485,0.49284835187925324,0.49284835187925324,0.5580551529760177,False
3,1,6,3.0,3.5,0.15,0.25,0.24,0.32,0.5685847676314323,0.5617360140832008,0.5753018143806594,0.5753018143806594,0.40033175693200834,False
3,1,7,3.0,3.5,0.15,0.25,0.32,0.4,0.17158293110990677,0.5709322948544183,-0.2200866371779796,0.0,0.24961696305665862,False
3,1,8,3.0,3.5,0.15,0.25,0.4,0.6,0.18827805518873136,0.7366260644333994,-0.34952480003200076,0.0,0.4121765753956989,False
3,1,9,3.0,3.5,0.15,0.25,0.6,0.799,1.3250262909250587,0.550955958438358,2.084210655479323,2.084210655479323,2.0327323387592613,False
3,2,0,3.0,3.5,0.25,0.325,0.0,0.02,3.576351605124062,3.9694430177455966,3.190819642745249,3.190819642745249,1.51280499375042,False
3,2,1,3.0,3.5,0.25,0.325,0.02,0.04,1.604295405863971,1.964456823547098,1.2510601692901349,1.2510601692901349,0.5903905096555127,False
3,2,2,3.0,3.5,0.25,0.325,0.04,0.08,1.0344126952251878,1.3814412428420635,0.694057773524021,0.694057773524021,0.3454771762261351,False
3,2,3,3.0,3.5,0.25,0.325,0.08,0.12,0.7401104748227451,0.826950012267101,0.6549409284830883,0.6549409284830883,0.32285378318624824,False
3,2,4,3.0,3.5,0.25,0.325,0.12,0.16,0.9926898790787755,1.0417734504632121,0.9445502225286548,0.9445502225286548,0.4723366440826586,False
3,2,5,3.0,3.5,0.25,0.325,0.16,0.24,1.2643502691208728,1.4084790030960916,1.1229932415682544,1.1229932415682544,0.6029466117312557,False
3,2,6,3.0,3.5,0.25,0.325,0.24,0.32,0.6753553034432087,0.8585392650908886,0.4956941102887533,0.4956941102887533,0.4135442492093554,False
3,2,7,3.0,3.5,0.25,0.325,0.32,0.4,0.2286667619575381,0.7553678899144841,-0.2879054981540821,0.0,0.32040486294992954,False
3,2,8,3.0,3.5,0.25,0.325,0.4,0.6,0.03822499216410594,0.3741017154959584,-0.29119256341136474,0.0,0.19886663051780148,False
3,2,9,3.0,3.5,0.25,0.325,0.6,0.799,0.11654937012190489,0.03085403697887672,0.20059671608910562,0.20059671608910562,0.5139902331174223,False
3,3,0,3.0,3.5,0.325,0.4,0.0,0.02,3.4053860965892024,5.050290427661817,1.792114541114139,1.792114541114139,1.614069392411947,False
3,3,1,3.0,3.5,0.325,0.4,0.02,0.04,2.250640280593824,3.491858062819319,1.0332920711034341,1.0332920711034341,1.0153888686860504,False
3,3,2,3.0,3.5,0.325,0.4,0.04,0.08,1.3704249871692873,1.5538583142715066,1.1905192240498033,1.1905192240498033,0.4503948781122325,False
3,3,3,3.0,3.5,0.325,0.4,0.08,0.12,0.8530313559348485,1.1156802949124556,0.5954333580914262,0.5954333580914262,0.31230006519187736,False
3,3,4,3.0,3.5,0.325,0.4,0.12,0.16,0.8471090019412519,1.1097110695936252,0.5895569740514242,0.5895569740514242,0.32874965466849637,False
3,3,5,3.0,3.5,0.325,0.4,0.16,0.24,1.1595826366347946,1.300715738894343,1.0211636324956221,1.0211636324956221,0.4557303089584653,False
3,3,6,3.0,3.5,0.325,0.4,0.24,0.32,1.2614496477066939,1.0525583204649205,1.4663238340399718,1.4663238340399718,0.598704759188818,False
3,3,7,3.0,3.5,0.325,0.4,0.32,0.4,0.6655907546564616,0.9131706343381599,0.42277202650710355,0.42277202650710355,0.5458822090273102,False
3,3,8,3.0,3.5,0.325,0.4,0.4,0.6,0.08654967755280618,0.6786139966250528,-0.4941287892295896,0.0,0.2480856542884403,False
3,3,9,3.0,3.5,0.325,0.4,0.6,0.799,0.0021405932210317607,0.8025651316834261,-0.7828911656555474,0.0,0.345012370257316,False
3,4,0,3.0,3.5,0.4,0.475,0.0,0.02,4.212269408445197,3.711006420509263,4.7038927235362085,4.7038927235362085,1.9894990723578296,False
3,4,1,3.0,3.5,0.4,0.475,0.02,0.04,3.1114199890853054,3.723322850869334,2.511284490027893,2.511284490027893,1.3454367721635865,False
3,4,2,3.0,3.5,0.4,0.475,0.04,0.08,1.700708770928715,1.9248431336120908,1.4808846844507886,1.4808846844507886,0.5256045934645337,False
3,4,3,3.0,3.5,0.4,0.475,0.08,0.12,1.0485849119530621,1.235110686143867,0.8656461718813111,0.8656461718813111,0.31030847123055905,False
3,4,4,3.0,3.5,0.4,0.475,0.12,0.16,0.9549999297473311,1.2360515091178859,0.6793531884415944,0.6793531884415944,0.3161580865697625,False
3,4,5,3.0,3.5,0.4,0.475,0.16,0.24,1.0440680252399765,1.1472474038520544,0.9428728654473617,0.9428728654473617,0.4020581812655743,False
3,4,6,3.0,3.5,0.4,0.475,0.24,0.32,0.9843040814697784,1.4604825821685945,0.517282859630555,0.517282859630555,0.4529154644346943,False
3,4,7,3.0,3.5,0.4,0.475,0.32,0.4,0.7858280195521371,1.303951306366363,0.2776686420997232,0.2776686420997232,0.5479334468864993,False
3,4,8,3.0,3.5,0.4,0.475,0.4,0.6,0.2726298065371123,1.0493262724675592,-0.4891301888946722,0.0,0.398490432228377,False
3,4,9,3.0,3.5,0.4,0.475,0.6,0.799,0.020236025934013222,0.8690320308936998,-0.8122369789302949,0.0,0.43528894728644063,False
3,5,0,3.0,3.5,0.475,0.55,0.0,0.02,2.7837117054187437,2.921173872566496,2.648893041485371,2.648893041485371,1.4570819721812296,False
3,5,1,3.0,3.5,0.475,0.55,0.02,0.04,2.78299642191435,2.6141217271410766,2.9486235264035217,2.9486235264035217,1.2440110719700004,False
3,5,2,3.0,3.5,0.475,0.55,0.04,0.08,2.368218818932294,2.5256304846471562,2.2138343006350256,2.2138343006350256,0.8467518305418955,False
3,5,3,3.0,3.5,0.475,0.55,0.08,0.12,1.339912043099692,1.6876987275997815,0.998813564070758,0.998813564070758,0.41574058376609774,False
3,5,4,3.0,3.5,0.475,0.55,0.12,0.16,0.9597223567313159,1.24995293982016,0.675073131009565,0.675073131009565,0.2984952084022423,False
3,5,5,3.0,3.5,0.475,0.55,0.16,0.24,0.8329774693175367,0.9649432429078916,0.7035494990654577,0.7035494990654577,0.29251813623507256,False
3,5,6,3.0,3.5,0.475,0.55,0.24,0.32,1.1311834515886419,1.4484445981624323,0.8200234809105011,0.8200234809105011,0.4845309166930185,False
3,5,7,3.0,3.5,0.475,0.55,0.32,0.4,1.09666065976899,1.4701847937285133,0.7303196822317652,0.7303196822317652,0.5492561516595144,False
3,5,8,3.0,3.5,0.475,0.55,0.4,0.6,0.5721706611983408,1.0096774106518327,0.14307750308049294,0.14307750308049294,0.5647879604802789,False
3,5,9,3.0,3.5,0.475,0.55,0.6,0.799,0.138210473870915,0.17088390177535667,0.10616538111848181,0.10616538111848181,0.3982851128417742,False
3,6,0,3.0,3.5,0.55,0.7,0.0,0.02,2.3957504586444034,2.130018175828651,2.656372505252161,2.656372505252161,1.2907798058784947,False
3,6,1,3.0,3.5,0.55,0.7,0.02,0.04,1.3208136205128038,1.573202970046967,1.0732779123158362,1.0732779123158362,0.6662129078434665,False
3,6,2,3.0,3.5,0.55,0.7,0.04,0.08,1.5688602165902887,2.3146352592196995,0.8374270017037513,0.8374270017037513,0.707696344732126,False
3,6,3,3.0,3.5,0.55,0.7,0.08,0.12,1.5138207515976319,1.9831219080199463,1.053544617414208,1.053544617414208,0.5650497583808661,False
3,6,4,3.0,3.5,0.55,0.7,0.12,0.16,1.4427335137926778,1.6405771952710664,1.2486945184965659,1.2486945184965659,0.44360870970870026,False
3,6,5,3.0,3.5,0.55,0.7,0.16,0.24,1.004805818997839,1.1880554897196172,0.8250801804053258,0.8250801804053258,0.27122677467442813,False
3,6,6,3.0,3.5,0.55,0.7,0.24,0.32,0.9380178720609417,1.2504777169966408,0.6315668702970829,0.6315668702970829,0.27778541402852286,False
3,6,7,3.0,3.5,0.55,0.7,0.32,0.4,1.0883834859641526,1.521468858474144,0.6636266783101226,0.6636266783101226,0.4220515787478027,False
3,6,8,3.0,3.5,0.55,0.7,0.4,0.6,0.554097835316288,1.0861491638859382,0.032278263065284696,0.032278263065284696,0.47054058402309634,False
3,6,9,3.0,3.5,0.55,0.7,0.6,0.799,0.22562119022374666,0.21896659751077374,0.23214780999993162,0.23214780999993162,0.5080264090504846,False
3,7,0,3.0,3.5,0.7,0.85,0.0,0.02,1.2735342378355319,0.6731997773537313,1.8623238048465285,1.8623238048465285,1.0655242916101269,False
3,7,1,3.0,3.5,0.7,0.85,0.02,0.04,0.7937575079163752,0.8064063748422143,0.7813518884314176,0.7813518884314176,0.6260805552595973,False
3,7,2,3.0,3.5,0.7,0.85,0.04,0.08,0.7807657127824281,1.492729587922784,0.08249345062554059,0.08249345062554059,0.5612524038717779,False
3,7,3,3.0,3.5,0.7,0.85,0.08,0.12,1.3677379937652592,1.6767833250423598,1.0646358419357953,1.0646358419357953,0.784816300330717,False
3,7,4,3.0,3.5,0.7,0.85,0.12,0.16,1.7096168083654044,1.9156480782867498,1.5075476782502386,1.5075476782502386,0.9344567814101646,False
3,7,5,3.0,3.5,0.7,0.85,0.16,0.24,1.5085595303245511,1.9138652933764322,1.1110481088698216,1.1110481088698216,0.6497569072687008,False
3,7,6,3.0,3.5,0.7,0.85,0.24,0.32,1.0714064657076958,1.3037482246045857,0.843532817558823,0.843532817558823,0.3554134606103303,False
3,7,7,3.0,3.5,0.7,0.85,0.32,0.4,0.9891425001604559,1.239642117571773,0.743460183083972,0.743460183083972,0.341496033437539,False
3,7,8,3.0,3.5,0.7,0.85,0.4,0.6,0.9983005122762406,0.9757005392614804,1.0204658704253324,1.0204658704253324,0.5238859162710978,False
3,7,9,3.0,3.5,0.7,0.85,0.6,0.799,0.5045709685802746,0.19071980751204462,0.8123865303971926,0.8123865303971926,0.7027844562358245,False
3,8,0,3.0,3.5,0.85,1.0,0.0,0.02,0.4481066055305526,0.4259739698239116,0.4698136136274505,0.4698136136274505,0.6478608773656501,False
3,8,1,3.0,3.5,0.85,1.0,0.02,0.04,0.20109552740366363,0.8911998962841816,-0.4757376036137676,0.0,0.44192026211321206,False
3,8,2,3.0,3.5,0.85,1.0,0.04,0.08,0.31183655778076214,1.3519407189012684,-0.7082656002412729,0.0,0.5516676430360875,False
3,8,3,3.0,3.5,0.85,1.0,0.08,0.12,0.4921990632252637,1.6312140621344189,-0.6249118010894849,0.0,0.8490870180375025,False
3,8,4,3.0,3.5,0.85,1.0,0.12,0.16,0.8554386485305953,1.825843351143793,-0.09630442518619486,0.0,0.9712031571861047,False
3,8,5,3.0,3.5,0.85,1.0,0.16,0.24,1.0379189676931646,1.6589025328968958,0.42887739412796644,0.42887739412796644,0.994780121071723,False
3,8,6,3.0,3.5,0.85,1.0,0.24,0.32,1.0204328028648921,1.7339012234412359,0.3206849288380933,0.3206849288380933,0.6678872183397015,False
3,8,7,3.0,3.5,0.85,1.0,0.32,0.4,1.3223119313445673,2.1970419773373893,0.4644036170054533,0.4644036170054533,0.7134445515239745,False
3,8,8,3.0,3.5,0.85,1.0,0.4,0.6,0.994733188180172,1.2357921695397465,0.7583099564621276,0.7583099564621276,0.46860953488721047,False
3,8,9,3.0,3.5,0.85,1.0,0.6,0.799,0.5599911000288669,0.4221727850614071,0.6951590627854138,0.6951590627854138,0.7082766821533006,False
4,0,0,3.5,4.5,0.0,0.15,0.0,0.02,1.4338448379150746,2.3877322947435506,0.4983013706409922,0.4983013706409922,0.6734133850278735,False
4,0,1,3.5,4.5,0.0,0.15,0.02,0.04,0.8933407265641282,0.9762003808888289,0.8120745271302873,0.8120745271302873,0.4842860922133857,False
4,0,2,3.5,4.5,0.0,0.15,0.04,0.08,0.32781185308122573,0.582452823031858,0.07806782486041342,0.07806782486041342,0.2647257195504435,False
4,0,3,3.5,4.5,0.0,0.15,0.08,0.12,0.7654905175072431,1.298084692284961,0.24313853839832733,0.24313853839832733,0.8441751979329344,False
4,0,4,3.5,4.5,0.0,0.15,0.12,0.16,0.5901797222990394,1.6676469158534697,-0.4665669483024213,0.0,0.6580020524745502,False
4,0,5,3.5,4.5,0.0,0.15,0.16,0.24,0.7205072641912089,0.8839411959355712,0.5602162926726997,0.5602162926726997,0.5993169310181707,False
4,0,6,3.5,4.5,0.0,0.15,0.24,0.32,0.6023174099092488,0.27853900982807767,0.9198693022965512,0.9198693022965512,0.6047115070121496,False
4,0,7,3.5,4.5,0.0,0.15,0.32,0.4,0.246477417660381,0.1658736711457528,0.325531092126651,0.325531092126651,0.48174953425697703,False
4,0,8,3.5,4.5,0.0,0.15,0.4,0.6,0.2710206732059331,0.6240905806955519,-0.07525942837042388,0.0,0.6061655497404317,False
4,0,9,3.5,4.5,0.0,0.15,0.6,0.799,1.0599002016275534,2.8792947811314487,-0.7245060205781901,0.0,2.9444703486294026,False
4,1,0,3.5,4.5,0.15,0.25,0.0,0.02,2.2184550260166023,3.7880977713371995,0.6789977181060167,0.6789977181060167,0.8866876894927191,False
4,1,1,3.5,4.5,0.15,0.25,0.02,0.04,1.030756553144926,1.2916810305770048,0.7748498541250028,0.7748498541250028,0.37327680737303315,False
4,1,2,3.5,4.5,0.15,0.25,0.04,0.08,0.7875418546364552,0.9596231542888629,0.6187698107465938,0.6187698107465938,0.29004547118972157,False
4,1,3,3.5,4.5,0.15,0.25,0.08,0.12,0.9812825078945838,0.9047495152821627,1.0563437121875352,1.0563437121875352,0.4685023518851551,False
4,1,4,3.5,4.5,0.15,0.25,0.12,0.16,1.1283886709510338,1.7070227476678652,0.5608821726326028,0.5608821726326028,0.6899830339328037,False
4,1,5,3.5,4.5,0.15,0.25,0.16,0.24,0.7602952910837184,1.2609775882028298,0.269241499678436,0.269241499678436,0.5124487155744022,False
4,1,6,3.5,4.5,0.15,0.25,0.24,0.32,0.6252879001362283,0.5841487140902794,0.6656359479889858,0.6656359479889858,0.45377971910106374,False
4,1,7,3.5,4.5,0.15,0.25,0.32,0.4,0.39891721701583976,0.43581972786279566,0.3627243698390176,0.3627243698390176,0.3798815728534946,False
4,1,8,3.5,4.5,0.15,0.25,0.4,0.6,0.3726485297975614,0.7748557055541876,-0.021823892579129645,0.0,0.5138505078872736,False
4,1,9,3.5,4.5,0.15,0.25,0.6,0.799,0.6769060347683948,0.9852896467621806,0.3744528768514126,0.3744528768514126,1.238005053301418,False
4,2,0,3.5,4.5,0.25,0.325,0.0,0.02,3.6334229514192047,4.8042849247023325,2.4850775545453674,2.4850775545453674,1.447357153516829,False
4,2,1,3.5,4.5,0.25,0.325,0.02,0.04,1.566621935545046,1.7722973606381554,1.3649018070883425,1.3649018070883425,0.543717323318921,False
4,2,2,3.5,4.5,0.25,0.325,0.04,0.08,0.8617439634403405,1.1183388686376756,0.6100835756506466,0.6100835756506466,0.27127087797300076,False
4,2,3,3.5,4.5,0.25,0.325,0.08,0.12,0.8299123196548709,0.9907751097802512,0.6721430447242095,0.6721430447242095,0.2963816908693263,False
4,2,4,3.5,4.5,0.25,0.325,0.12,0.16,0.900870986438523,1.2554615934955298,0.553099429517228,0.553099429517228,0.43787414262697233,False
4,2,5,3.5,4.5,0.25,0.325,0.16,0.24,1.179539119617914,1.6046457075770908,0.7626076583502595,0.7626076583502595,0.6460708770405992,False
4,2,6,3.5,4.5,0.25,0.325,0.24,0.32,0.3835970595481066,0.9578206606699662,-0.17958378001371722,0.0,0.32194505877667245,False
4,2,7,3.5,4.5,0.25,0.325,0.32,0.4,0.22828227241560062,0.7160644525395357,-0.25011948116748955,0.0,0.260885417821689,False
4,2,8,3.5,4.5,0.25,0.325,0.4,0.6,0.14886538087889856,0.49109093955451105,-0.1867789170529522,0.0,0.2946120062006748,False
4,2,9,3.5,4.5,0.25,0.325,0.6,0.799,0.06395917282609247,0.10613363743897564,0.022595755609610885,0.022595755609610885,0.2894440187895561,False
4,3,0,3.5,4.5,0.325,0.4,0.0,0.02,4.1946869128349045,5.060007713212392,3.346006897080061,3.346006897080061,1.6569834817286806,False
4,3,1,3.5,4.5,0.325,0.4,0.02,0.04,2.222439224352896,2.6967390425163607,1.7572605565387285,1.7572605565387285,0.8299389507682532,False
4,3,2,3.5,4.5,0.325,0.4,0.04,0.08,1.0619967913985742,1.3904609137947437,0.7398492867407924,0.7398492867407924,0.33239487343081114,False
4,3,3,3.5,4.5,0.325,0.4,0.08,0.12,0.7410978466660434,1.040484913353034,0.44746822356918714,0.44746822356918714,0.2624802790903782,False
4,3,4,3.5,4.5,0.325,0.4,0.12,0.16,0.726323397173146,1.2224346154673553,0.23975277923074834,0.23975277923074834,0.30476674466808357,False
4,3,5,3.5,4.5,0.325,0.4,0.16,0.24,0.9614105719163268,1.3348743603414344,0.5951287794224716,0.5951287794224716,0.5050989554476425,False
4,3,6,3.5,4.5,0.325,0.4,0.24,0.32,0.8105773313816733,1.1902476685434522,0.4382083468576208,0.4382083468576208,0.5016343930862658,False
4,3,7,3.5,4.5,0.325,0.4,0.32,0.4,0.8203585473652305,0.8331205565794417,0.8078419614051388,0.8078419614051388,0.5604734589263596,False
4,3,8,3.5,4.5,0.325,0.4,0.4,0.6,0.2307890568086664,0.5262111784645961,-0.05895187020003395,0.0,0.3531603618927669,False
4,3,9,3.5,4.5,0.325,0.4,0.6,0.799,0.02247960358449209,0.3727168893596476,-0.32102234977191046,0.0,0.21857533214537495,False
4,4,0,3.5,4.5,0.4,0.475,0.0,0.02,2.3253199478433,4.2056176002529595,0.48118186567228793,0.48118186567228793,1.2013599316141845,False
4,4,1,3.5,4.5,0.4,0.475,0.02,0.04,1.9135654112911857,3.3689667910567738,0.48615251959801276,0.48615251959801276,0.9486395828642399,False
4,4,2,3.5,4.5,0.4,0.475,0.04,0.08,1.409632856248922,1.9164914336229637,0.9125215592089966,0.9125215592089966,0.49727507985227964,False
4,4,3,3.5,4.5,0.4,0.475,0.08,0.12,0.8849534920434385,1.2648300558714287,0.5123822467506021,0.5123822467506021,0.25964911275466546,False
4,4,4,3.5,4.5,0.4,0.475,0.12,0.16,0.7570721315537545,1.194350790745175,0.3282026773467843,0.3282026773467843,0.2607839769040678,False
4,4,5,3.5,4.5,0.4,0.475,0.16,0.24,0.9538586383508365,1.2676744231168509,0.6460777725226301,0.6460777725226301,0.4001741400101663,False
4,4,6,3.5,4.5,0.4,0.475,0.24,0.32,1.3058787341176286,1.3327405794359874,1.2795334627476995,1.2795334627476995,0.6647982521934682,False
4,4,7,3.5,4.5,0.4,0.475,0.32,0.4,1.2920552573826787,1.072087073659531,1.5077932837265353,1.5077932837265353,0.7087573288249497,False
4,4,8,3.5,4.5,0.4,0.475,0.4,0.6,0.6528956163821142,0.7599332577999888,0.5479163911453527,0.5479163911453527,0.5992239881762443,False
4,4,9,3.5,4.5,0.4,0.475,0.6,0.799,0.2442994074946191,0.4393539958133103,0.05299586895128733,0.05299586895128733,0.712349214725841,False
4,5,0,3.5,4.5,0.475,0.55,0.0,0.02,2.609837841319288,3.070652325558689,2.157885174084491,2.157885174084491,1.4012817992901858,False
4,5,1,3.5,4.5,0.475,0.55,0.02,0.04,1.8013170479025706,2.778208095712989,0.843212366396199,0.843212366396199,0.9507873203404557,False
4,5,2,3.5,4.5,0.475,0.55,0.04,0.08,1.8354999520228164,2.374635558923101,1.3067323375629218,1.3067323375629218,0.7344567264965649,False
4,5,3,3.5,4.5,0.475,0.55,0.08,0.12,1.2616846110496236,1.485517369927164,1.0421563283043438,1.0421563283043438,0.4107991601590138,False
4,5,4,3.5,4.5,0.475,0.55,0.12,0.16,0.8500889936214072,1.2761505199036314,0.432220958229226,0.432220958229226,0.2982452556689823,False
4,5,5,3.5,4.5,0.475,0.55,0.16,0.24,0.8942172791804147,1.190783048318861,0.6033546979100153,0.6033546979100153,0.2806185655806667,False
4,5,6,3.5,4.5,0.475,0.55,0.24,0.32,1.1502851730442967,1.4544676966525958,0.8519523133515419,0.8519523133515419,0.47369135480219715,False
4,5,7,3.5,4.5,0.475,0.55,0.32,0.4,1.0314208769721667,1.1551926909150345,0.910029290220508,0.910029290220508,0.569519396845313,False
4,5,8,3.5,4.5,0.475,0.55,0.4,0.6,0.6136667279102448,0.7146339764411924,0.5146411572356616,0.5146411572356616,0.5314659100418532,False
4,5,9,3.5,4.5,0.475,0.55,0.6,0.799,0.6433250515781255,0.048242922723233786,1.226963293339654,1.226963293339654,1.1332060938588284,False
4,6,0,3.5,4.5,0.55,0.7,0.0,0.02,1.5304523499380824,2.1399841716270105,0.9326422940508645,0.9326422940508645,0.9425031372814879,False
4,6,1,3.5,4.5,0.55,0.7,0.02,0.04,0.8481575880284338,1.7797108601392249,-0.06548119808022679,0.0,0.546420122624088,False
4,6,2,3.5,4.5,0.55,0.7,0.04,0.08,1.4628653467040296,2.125581221839833,0.8128940076285303,0.8128940076285303,0.7157643108940922,False
4,6,3,3.5,4.5,0.55,0.7,0.08,0.12,1.5582136330294565,2.2289101045318245,0.9004151705944419,0.9004151705944419,0.6321961560961871,False
4,6,4,3.5,4.5,0.55,0.7,0.12,0.16,1.37896869380239,1.684667120872186,1.0791490826377823,1.0791490826377823,0.5169974056760444,False
4,6,5,3.5,4.5,0.55,0.7,0.16,0.24,1.0288683169133077,1.124539699127397,0.9350367689725663,0.9350367689725663,0.3172176770706336,False
4,6,6,3.5,4.5,0.55,0.7,0.24,0.32,1.024202443457934,1.2525057108304958,0.8002896235348445,0.8002896235348445,0.3212650890108917,False
4,6,7,3.5,4.5,0.55,0.7,0.32,0.4,0.835968862836956,1.4086203688793357,0.2743298857569296,0.2743298857569296,0.4232416187201737,False
4,6,8,3.5,4.5,0.55,0.7,0.4,0.6,0.3152038825639663,0.8540354928837514,-0.21326558140351526,0.0,0.35437384532048666,False
4,6,9,3.5,4.5,0.55,0.7,0.6,0.799,0.2903113005865562,0.05560433735234557,0.520504668373955,0.520504668373955,0.52393115594235,False
4,7,0,3.5,4.5,0.7,0.85,0.0,0.02,1.4644938634821552,1.0039701965855021,1.9161613060154112,1.9161613060154112,1.1381766513938059,False
4,7,1,3.5,4.5,0.7,0.85,0.02,0.04,0.5435527716478832,0.8940911525207907,0.19975551348406995,0.19975551348406995,0.44518880817843215,False
4,7,2,3.5,4.5,0.7,0.85,0.04,0.08,0.7127414846751268,1.490696534876533,-0.05025289148394485,0.0,0.44685322910171293,False
4,7,3,3.5,4.5,0.7,0.85,0.08,0.12,0.9702886770234114,1.6387149007920754,0.3147168037118371,0.3147168037118371,0.5329707986550926,False
4,7,4,3.5,4.5,0.7,0.85,0.12,0.16,1.4297700452273245,2.0425692373133804,0.8287554529890775,0.8287554529890775,0.8503077543345265,False
4,7,5,3.5,4.5,0.7,0.85,0.16,0.24,1.193889245805896,1.7466662953644245,0.6517425241234933,0.6517425241234933,0.58606787647385,False
4,7,6,3.5,4.5,0.7,0.85,0.24,0.32,1.060798090892043,1.2431190642076742,0.8819832901401741,0.8819832901401741,0.3669300831837637,False
4,7,7,3.5,4.5,0.7,0.85,0.32,0.4,0.8971323563622703,1.1656967218432424,0.6337326902174707,0.6337326902174707,0.3344253890941825,False
4,7,8,3.5,4.5,0.7,0.85,0.4,0.6,0.8944950886714833,1.0294061812282918,0.7621784402023057,0.7621784402023057,0.46200745930495524,False
4,7,9,3.5,4.5,0.7,0.85,0.6,0.799,0.5425809749398507,0.16359880194656587,0.9142750292217262,0.9142750292217262,0.6822763051031054,False
4,8,0,3.5,4.5,0.85,1.0,0.0,0.02,0.6980324378979346,0.7193640041926059,0.677111094032007,0.677111094032007,0.9046051503453706,False
4,8,1,3.5,4.5,0.85,1.0,0.02,0.04,0.5668344471314736,0.683172825807834,0.45273334496812,0.45273334496812,0.6624159029678404,False
4,8,2,3.5,4.5,0.85,1.0,0.04,0.08,0.49206789483567104,1.1534251953321057,-0.15657099603583224,0.0,0.5568499673182596,False
4,8,3,3.5,4.5,0.85,1.0,0.08,0.12,0.7896573066726167,1.6881697986046795,-0.09157609887613716,0.0,0.7582141433685554,False
4,8,4,3.5,4.5,0.85,1.0,0.12,0.16,1.1870543158991729,1.6503824519576584,0.7326363363033503,0.7326363363033503,0.97060119644336,False
4,8,5,3.5,4.5,0.85,1.0,0.16,0.24,0.8512975409684593,1.398087699641231,0.31502257765477926,0.31502257765477926,0.7157923002497287,False
4,8,6,3.5,4.5,0.85,1.0,0.24,0.32,1.3207159869476714,1.7510983768274009,0.8986101814887062,0.8986101814887062,0.8266124457437485,False
4,8,7,3.5,4.5,0.85,1.0,0.32,0.4,1.4565964701831149,1.943931984717825,0.9786327924663798,0.9786327924663798,0.6768388783418271,False
4,8,8,3.5,4.5,0.85,1.0,0.4,0.6,1.460107672580536,1.2398223988604493,1.676156691036775,1.676156691036775,0.5592965122552476,False
4,8,9,3.5,4.5,0.85,1.0,0.6,0.799,0.8884230140901239,0.47788404335595175,1.2910670046178698,1.2910670046178698,0.8160774246045922,False
